<?xml version="1.0" encoding="UTF-8"?>
<!DOCTYPE hibernate-configuration PUBLIC
		"-//Hibernate/Hibernate Configuration DTD 3.0//EN"
		"http://hibernate.sourceforge.net/hibernate-configuration-3.0.dtd">
<hibernate-configuration>
	<session-factory>
		<property name="hibernate.connection.driver_class">oracle.jdbc.OracleDriver</property>
		<property name="hibernate.connection.url">jdbc:oracle:thin:@localhost:1521:ORCL</property>
		<property name="hibernate.connection.username">scott</property>
		<property name="connection.password">tiger</property>
		<property name="connection.pool_size">1</property>
		<property name="hibernate.dialect">org.hibernate.dialect.OracleDialect</property>
		<property name="show_sql">true</property>
		<property name="hbm2ddl.auto">create-drop</property>
		<mapping resource="com/bullraider/manytomany/Custmer.hbm.xml" />
		<mapping resource="com/bullraider/manytomany/Policy.hbm.xml" />
	</session-factory>
</hibernate-configuration>